"PID","ID_0","ISO","NAME_0","ID_1","NAME_1","ID_2","NAME_2","NL_NAME_2","VARNAME_2","TYPE_2","ENGTYPE_2"
14677,79,"FRA","France",22,"Picardie",80,"Somme","","","Département","Department"
14678,79,"FRA","France",23,"Haute-Normandie",27,"Eure","","","Département","Department"
14679,79,"FRA","France",23,"Haute-Normandie",76,"Seine-Maritime","","Seine-Inférieure","Département","Department"
14680,79,"FRA","France",24,"Centre",18,"Cher","","","Département","Department"
14681,79,"FRA","France",24,"Centre",28,"Eure-et-Loir","","","Département","Department"
14682,79,"FRA","France",24,"Centre",36,"Indre","","","Département","Department"
14683,79,"FRA","France",24,"Centre",37,"Indre-et-Loire","","","Département","Department"
14684,79,"FRA","France",24,"Centre",41,"Loir-et-Cher","","","Département","Department"
14685,79,"FRA","France",24,"Centre",45,"Loiret","","","Département","Department"
14686,79,"FRA","France",25,"Basse-Normandie",14,"Calvados","","","Département","Department"
14687,79,"FRA","France",25,"Basse-Normandie",50,"Manche","","","Département","Department"
14688,79,"FRA","France",25,"Basse-Normandie",61,"Orne","","","Département","Department"
14689,79,"FRA","France",26,"Bourgogne",21,"Côte-d'Or","","","Département","Department"
14690,79,"FRA","France",26,"Bourgogne",58,"Nièvre","","","Département","Department"
14691,79,"FRA","France",26,"Bourgogne",71,"Saône-et-Loire","","","Département","Department"
14692,79,"FRA","France",26,"Bourgogne",89,"Yonne","","","Département","Department"
14693,79,"FRA","France",31,"Nord-Pas-de-Calais",59,"Nord","","","Département","Department"
14694,79,"FRA","France",31,"Nord-Pas-de-Calais",62,"Pas-de-Calais","","","Département","Department"
14695,79,"FRA","France",41,"Lorraine",54,"Meurthe-et-Moselle","","","Département","Department"
14696,79,"FRA","France",41,"Lorraine",55,"Meuse","","","Département","Department"
14697,79,"FRA","France",41,"Lorraine",57,"Moselle","","Lothringen","Département","Department"
14698,79,"FRA","France",41,"Lorraine",88,"Vosges","","","Département","Department"
14699,79,"FRA","France",42,"Alsace",67,"Bas-Rhin","","Unterelsaá","Département","Department"
15577,79,"FRA","France",11,"Île-de-France",75,"Paris","","","Département","Department"
15578,79,"FRA","France",11,"Île-de-France",77,"Seine-et-Marne","","","Département","Department"
15579,79,"FRA","France",11,"Île-de-France",78,"Yvelines","","","Département","Department"
15580,79,"FRA","France",11,"Île-de-France",91,"Essonne","","","Département","Department"
15581,79,"FRA","France",11,"Île-de-France",92,"Hauts-de-Seine","","","Département","Department"
15582,79,"FRA","France",11,"Île-de-France",93,"Seine-Saint-Denis","","","Département","Department"
15583,79,"FRA","France",11,"Île-de-France",94,"Val-de-Marne","","","Département","Department"
15584,79,"FRA","France",11,"Île-de-France",95,"Val-d'Oise","","","Département","Department"
15585,79,"FRA","France",21,"Champagne-Ardenne",8,"Ardennes","","","Département","Department"
15586,79,"FRA","France",21,"Champagne-Ardenne",10,"Aube","","","Département","Department"
15587,79,"FRA","France",21,"Champagne-Ardenne",51,"Marne","","","Département","Department"
15588,79,"FRA","France",21,"Champagne-Ardenne",52,"Haute-Marne","","","Département","Department"
15589,79,"FRA","France",22,"Picardie",2,"Aisne","","","Département","Department"
15590,79,"FRA","France",22,"Picardie",60,"Oise","","","Département","Department"
15591,79,"FRA","France",42,"Alsace",68,"Haut-Rhin","","Oberelsaá","Département","Department"
15592,79,"FRA","France",43,"Franche-Comté",25,"Doubs","","","Département","Department"
15593,79,"FRA","France",43,"Franche-Comté",39,"Jura","","","Département","Department"
15594,79,"FRA","France",43,"Franche-Comté",70,"Haute-Saône","","","Département","Department"
15595,79,"FRA","France",43,"Franche-Comté",90,"Territoire de Belfort","","","Département","Department"
15596,79,"FRA","France",52,"Pays de la Loire",44,"Loire-Atlantique","","Loire-Inferieure","Département","Department"
15597,79,"FRA","France",52,"Pays de la Loire",49,"Maine-et-Loire","","","Département","Department"
15598,79,"FRA","France",52,"Pays de la Loire",53,"Mayenne","","","Département","Department"
15599,79,"FRA","France",52,"Pays de la Loire",72,"Sarthe","","","Département","Department"
15600,79,"FRA","France",52,"Pays de la Loire",85,"Vendée","","Vendéia","Département","Department"
15601,79,"FRA","France",53,"Bretagne",22,"Côtes-d'Armor","","Cotes-Du-Nord","Département","Department"
15602,79,"FRA","France",53,"Bretagne",29,"Finistère","","","Département","Department"
15603,79,"FRA","France",53,"Bretagne",35,"Ille-et-Vilaine","","","Département","Department"
15604,79,"FRA","France",53,"Bretagne",56,"Morbihan","","","Département","Department"
15605,79,"FRA","France",54,"Poitou-Charentes",16,"Charente","","","Département","Department"
15606,79,"FRA","France",54,"Poitou-Charentes",17,"Charente-Maritime","","Charente-Inférieure","Département","Department"
15607,79,"FRA","France",54,"Poitou-Charentes",79,"Deux-Sèvres","","","Département","Department"
15608,79,"FRA","France",54,"Poitou-Charentes",86,"Vienne","","","Département","Department"
15609,79,"FRA","France",72,"Aquitaine",24,"Dordogne","","","Département","Department"
15610,79,"FRA","France",72,"Aquitaine",33,"Gironde","","Bec-D'Ambes","Département","Department"
15611,79,"FRA","France",72,"Aquitaine",40,"Landes","","Landas","Département","Department"
15612,79,"FRA","France",72,"Aquitaine",47,"Lot-et-Garonne","","","Département","Department"
15613,79,"FRA","France",72,"Aquitaine",64,"Pyrénées-Atlantiques","","Basses-Pyrénées|Pirinio Atlantiarrak","Département","Department"
15614,79,"FRA","France",73,"Midi-Pyrénées",9,"Ariège","","","Département","Department"
15615,79,"FRA","France",73,"Midi-Pyrénées",12,"Aveyron","","","Département","Department"
15616,79,"FRA","France",73,"Midi-Pyrénées",31,"Haute-Garonne","","Alto Garona","Département","Department"
15617,79,"FRA","France",73,"Midi-Pyrénées",32,"Gers","","","Département","Department"
15618,79,"FRA","France",73,"Midi-Pyrénées",46,"Lot","","","Département","Department"
15619,79,"FRA","France",73,"Midi-Pyrénées",65,"Hautes-Pyrénées","","Altos Pirineos","Département","Department"
15620,79,"FRA","France",73,"Midi-Pyrénées",81,"Tarn","","","Département","Department"
15621,79,"FRA","France",73,"Midi-Pyrénées",82,"Tarn-et-Garonne","","","Département","Department"
15622,79,"FRA","France",74,"Limousin",19,"Corrèze","","","Département","Department"
15623,79,"FRA","France",74,"Limousin",23,"Creuse","","","Département","Department"
15624,79,"FRA","France",74,"Limousin",87,"Haute-Vienne","","","Département","Department"
15625,79,"FRA","France",82,"Rhône-Alpes",1,"Ain","","","Département","Department"
15626,79,"FRA","France",82,"Rhône-Alpes",7,"Ardèche","","","Département","Department"
15627,79,"FRA","France",82,"Rhône-Alpes",26,"Drôme","","","Département","Department"
15628,79,"FRA","France",82,"Rhône-Alpes",38,"Isère","","","Département","Department"
15629,79,"FRA","France",82,"Rhône-Alpes",42,"Loire","","","Département","Department"
15630,79,"FRA","France",82,"Rhône-Alpes",69,"Rhône","","","Département","Department"
15631,79,"FRA","France",82,"Rhône-Alpes",73,"Savoie","","Sabóia|Savoia","Département","Department"
15632,79,"FRA","France",82,"Rhône-Alpes",74,"Haute-Savoie","","","Département","Department"
15633,79,"FRA","France",83,"Auvergne",3,"Allier","","Basses-Alpes","Département","Department"
15634,79,"FRA","France",83,"Auvergne",15,"Cantal","","","Département","Department"
15635,79,"FRA","France",83,"Auvergne",43,"Haute-Loire","","","Département","Department"
15636,79,"FRA","France",83,"Auvergne",63,"Puy-de-Dôme","","","Département","Department"
15637,79,"FRA","France",91,"Languedoc-Roussillon",11,"Aude","","","Département","Department"
15638,79,"FRA","France",91,"Languedoc-Roussillon",30,"Gard","","","Département","Department"
15639,79,"FRA","France",91,"Languedoc-Roussillon",34,"Hérault","","","Département","Department"
15640,79,"FRA","France",91,"Languedoc-Roussillon",48,"Lozère","","","Département","Department"
15641,79,"FRA","France",91,"Languedoc-Roussillon",66,"Pyrénées-Orientales","","","Département","Department"
15642,79,"FRA","France",93,"Provence-Alpes-Côte d'Azur",4,"Alpes-de-Haute-Provence","","","Département","Department"
15643,79,"FRA","France",93,"Provence-Alpes-Côte d'Azur",5,"Hautes-Alpes","","","Département","Department"
15644,79,"FRA","France",93,"Provence-Alpes-Côte d'Azur",6,"Alpes-Maritimes","","","Département","Department"
15645,79,"FRA","France",93,"Provence-Alpes-Côte d'Azur",13,"Bouches-du-Rhône","","","Département","Department"
15646,79,"FRA","France",93,"Provence-Alpes-Côte d'Azur",83,"Var","","","Département","Department"
15647,79,"FRA","France",93,"Provence-Alpes-Côte d'Azur",84,"Vaucluse","","","Département","Department"
15648,79,"FRA","France",94,"Corse",96,"Corse-du-Sud","","","Département","Department"
15649,79,"FRA","France",94,"Corse",97,"Haute-Corse","","","Département","Department"
